Distrito	MUNICÍPIO	Nome  Presidente	MORADA	CÓDIGO POSTAL	E-mail	Telefone 	Sitio
Distrito SANTARÉM	ABRANTES	Maria do Céu de Oliveira Antunes Albuquerque	Praça Raimundo Soares	2200-366	geral@cm-abrantes.pt	241330100	www.cm-abrantes.pt
Distrito AVEIRO	ÁGUEDA	Jorge Henrique Fernandes de Almeida	Praça do Município	3754-500	geral@cm-agueda.pt	234610070	www.cm-agueda.pt
Distrito GUARDA	AGUIAR DA BEIRA	Joaquim António Marques Bonifácio	Avenida da Liberdade, N.º 21	3570-018	geral@cm-aguiardabeira.pt	232689100	www.cm-aguiardabeira.pt
Distrito ÉVORA	ALANDROAL	João Maria Aranha Grilo	Praça da República	7250-116	geral@cm-alandroal.pt	268440040	www.cm-alandroal.pt
Distrito AVEIRO	ALBERGARIA-A-VELHA	António Augusto Amaral Loureiro e Santos	Praça Comendador Ferreira Tavares	3850-053	geral@cm-albergaria.pt	234529300	www.cm-albergaria.pt
Distrito FARO	ALBUFEIRA	José Carlos Martins Rôlo	Rua do Município	8200-863	geral@cm-albufeira.pt	289599500	www.cm-albufeira.pt
Distrito SETÚBAL	ALCÁCER DO SAL	Vítor Manuel Chaves de Caro Proença 	Praça Pedro Nunes	7580-125	geral@m-alcacerdosal.pt	265610040	www.cm-alcacerdosal.pt
Distrito SANTARÉM	ALCANENA	Fernanda Maria Pereira Asseiceira	Praça 8 de Maio	2380-037	geral@cm-alcanena.pt	249889010	www.cm-alcanena.pt
Distrito LEIRIA	ALCOBAÇA	Paulo Jorge Marques Inácio	Praça João de Deus Ramos	2461-501	cmalcobaca@cm-alcobaca.pt	262580800	www.cm-alcobaca.pt
Distrito SETÚBAL	ALCOCHETE	Fernando Manuel Gonçalves Pina Pinto	Largo de S. João Batista	2894-001	geral@cm-alcochete.pt	212348600	www.cm-alcochete.pt
Distrito FARO	ALCOUTIM	Osvaldo dos Santos Gonçalves	Rua do Município, N.º 12	8970-066	geral@cm-alcoutim.pt	281540500	www.cm-alcoutim.pt
Distrito LISBOA	ALENQUER	Pedro Miguel Ferreira Folgado	Praça Luís de Camões	2580-318	geral@cm-alenquer.pt	263730900	www.cm-alenquer.pt
Distrito BRAGANÇA	ALFÂNDEGA DA FÉ	Berta Ferreira Milheiro Nunes	Rua Camilo Mendonça	5350-014	gabinetepresidencia.cmaf@gmail.com	279468120	www.cm-alfandegadafe.pt
Distrito VILA REAL	ALIJÓ	José Rodrigues Paredes	Rua General Alves Pedrosa, N.º 13	5070-051	geral@cm-alijo.pt	259957100	www.cm-alijo.pt
Distrito FARO	ALJEZUR	José Manuel Velhinho Amarelinho	Rua Capitão Salgueiro Maia	8670-005	geral@cm-aljezur.pt	282990010	www.cm-aljezur.pt
Distrito BEJA	ALJUSTREL	Nelson Domingos Brito	Avenida 1º de Maio	7600-010	geral@mun-aljustrel.pt	284600070	www.mun-aljustrel.pt
Distrito SETÚBAL	ALMADA	Inês de Saint-Maurice Esteves de Medeiros Victorino de Almeida	Lgo. Luís de Camões	2800-158	almadainforma@cma.m-almada.pt	212724000	www.m-almada.pt
Distrito GUARDA	ALMEIDA	António José Monteiro Machado	Praça da Liberdade, N.º 8	6350-130	camara@cm-almeida.pt	271570020	www.cm-almeida.pt
Distrito SANTARÉM	ALMEIRIM	Pedro Miguel César Ribeiro	Rua 5 de Outubro	2080-052	geral@cm-almeirim.pt	243594100	www.cm-almeirim.pt
Distrito BEJA	ALMODÔVAR	António Manuel Ascenção Mestre Bota	Rua Serpa Pinto, nº 10	7700-081	geral@cm-almodovar.pt	286660600	www.cm-almodovar.pt
Distrito SANTARÉM	ALPIARÇA	Mário Fernando Atracado Pereira	Rua José Relvas, N.º 374,   Apartado 25	2094-909	atendimento@cm-alpiarca.pt	243559100	www.cm-alpiarca.pt
Distrito PORTALEGRE	ALTER DO CHÃO	Francisco António Martins dos Reis	Largo do Município, 2	7440-026	geral@cm-alter-chao.pt	245610000	www.cm-alter-chao.pt
Distrito LEIRIA	ALVAIÁZERE	Célia Margarida Gomes Marques	Praça do município	3250-100	geral@cm-alvaiazere.pt	236650600	www.cm-alvaiazere.pt
Distrito BEJA	ALVITO	António João Feio Valério 	Largo do Relógio, N.º 1	7920-022	geral@cm-alvito.pt	284480800	www.cm-alvito.pt
Distrito LISBOA	AMADORA	Carla Maria Nunes Tavares 	Av. Movimento das Forças Armadas	2700-595	geral@cm-amadora.pt	214369000	www.cm-amadora.pt
Distrito PORTO	AMARANTE	José Luís Gaspar Jorge	Alameda Teixeira de Pascoaes	4600-011	geral@cm-amarante.pt	255420200	www.cm-amarante.pt
Distrito BRAGA	AMARES	Manuel da Rocha Moreira	Largo do Município	4720-058	geral@municipioamares.pt	253993761	www.cm-amares.pt
Distrito AVEIRO	ANADIA	Maria Teresa Belém Correia Cardoso	Praça do Município - Apartado 19 	3780-909	geral@cm-anadia.pt	231510730	www.cm-anadia.pt
R. A. AÇORES	ANGRA DO HEROÍSMO	José Gabriel do Álamo de Meneses	Praça Velha	9701-857	angra@cmah.pt	295401700	www.cmah.pt
Distrito LEIRIA	ANSIÃO	António José Vicente Domingues	Praça do Município	3240-143	geral@cm-ansiao.pt	236670200	www.cm-ansiao.pt
Distrito VIANA DO CASTELO	ARCOS DE VALDEVEZ	João Manuel do Amaral Esteves 	Praça Municipal	4974-003	geral@cmav.pt	258520500	www.cmav.pt
Distrito COIMBRA	ARGANIL	Luis Paulo Carreira Fonseca da Costa	Praça Simões Dias, Apartado 10	3304-954	geral@cm-arganil.pt	235200150	www.cm-arganil.pt
Distrito VISEU	ARMAMAR	João Paulo Soares Carvalho Pereira da Fonseca	Praça da República	5110-127	geral@cm-armamar.pt	254850800	www.cm-armamar.pt
Distrito AVEIRO	AROUCA	Margarida Maria de Sousa Correia Belém	Praça do Município	4544-001	geral@cm-arouca.pt	256940220	www.cm-arouca.pt
Distrito ÉVORA	ARRAIOLOS	Sílvia Cristina Tirapicos Pinto	Praça do Município, N.º 27	7040-027	geral@cm-arraiolos.pt	266490240	www.cm-arraiolos.pt
Distrito PORTALEGRE	ARRONCHES	Fermelinda de Jesus Pombo Carvalho	Praça da República, Apartado 8	7340-012	geral@cm-arronches.pt	245580080	www.cm-arronches.pt
Distrito LISBOA	ARRUDA DOS VINHOS	André Filipe dos Santos Matos Rijo	Largo Miguel Bombarda	2630-112	cm-arruda@cm-arruda.pt	263977000	www.cm-arruda.pt
Distrito AVEIRO	AVEIRO	José Agostinho Ribau Esteves 	Praça da República, Apartado 244 	3810-156	geral@cm-aveiro.pt	234406300	www.cm-aveiro.pt
Distrito PORTALEGRE	AVIS	Nuno Paulo Augusto da Silva 	Largo Cândido dos Reis - Apartado 25	7481-909	geral@cm-avis.pt	242410060	www.cm-avis.pt
Distrito LISBOA	AZAMBUJA	Luís Manuel Abreu de Sousa 	Praça do Município, N.º 19	2050-315	geral@cm-azambuja.pt	263400400	www.cm-azambuja.pt
Distrito PORTO	BAIÃO	Joaquim Paulo de Sousa Pereira	Praça Heróis do Ultramar	4640-158	geral@cm-baiao.pt	255540500	www.cm-baiao.pt
Distrito BRAGA	BARCELOS	Miguel Jorge da Costa Gomes	Largo do Município	4750-323	geral@cm-barcelos.pt	253809600	www.cm-barcelos.pt
Distrito BEJA	BARRANCOS	João António Serranito Nunes	Praça do Município, N.º 2	7230-030	geral@cm-barrancos.pt	285950630	www.cm-barrancos.pt
Distrito SETÚBAL	BARREIRO	Frederico Alexandre Aljustrel da Costa Rosa	Rua Miguel Bombarda	2834-005	geral@cm-barreiro.pt	212068000	www.cm-barreiro.pt
Distrito LEIRIA	BATALHA	Paulo Jorge Frazão Batista dos Santos	Rua Infante D. Fernando	2440-118	geral@cm-batalha.pt	244769110	www.cm-batalha.pt
Distrito BEJA	BEJA	Paulo Jorge Lúcio Arsénio	Praça da República	7800-427	geral@cm-beja.pt	284311800	www.cm-beja.pt
Distrito CASTELO BRANCO	BELMONTE	António Pinto Dias Rocha 	Rua Pedro Álvares Cabral, N.º 135	6250-088	cmbelmonte@mail.telepac.pt	275910010	www.cm-belmonte.pt
Distrito SANTARÉM	BENAVENTE	Carlos António Pinto Coutinho	Praça do Município	2130-038	cmb@cm-benavente.pt	263519600	www.cm-benavente.pt
Distrito LEIRIA	BOMBARRAL	Ricardo Manuel da Silva Fernandes	Praça do Município	2540-046	geral@cm-bombarral.pt	262609020	www.cm-bombarral.pt
Distrito ÉVORA	BORBA	António José Lopes Anselmo 	Praça da República	7150–249	geral@cm-borba.pt	268891630	www.cm-borba.pt
Distrito VILA REAL	BOTICAS	Fernando Eirão Queiroga 	Praça do Município	5460-304	municipio@cm-boticas.pt	276410200	www.cm-boticas.pt
Distrito BRAGA	BRAGA	Ricardo Bruno Antunes Machado Rio 	Praça do Municipio	4700-435	municipe@cm-braga.pt	253203150	www.cm-braga.pt
Distrito BRAGANÇA	BRAGANÇA	Hernâni Dinis Venâncio Dias	Forte S. João de Deus	5300-263	cmb@cm-braganca.pt	273304200	www.cm-braganca.pt
Distrito BRAGA	CABECEIRAS DE BASTO	Francisco Luís Teixeira Alves	Praça da República N.º 467	4860-355	servicoatendimentounico@cabeceirasdebasto.pt	253669100	www.cabeceirasdebasto.pt
Distrito LISBOA	CADAVAL	José Bernardo Nunes	Av. Dr. Francisco Sá Carneiro	2550-103	geral@cm-cadaval.pt	262690100	www.cm-cadaval.pt
Distrito LEIRIA	CALDAS DA RAINHA	Fernando Manuel Tinta Ferreira	Praça 25 de Abril	2500-110	geral@cm-caldas-rainha.pt	262240000	www.cm-caldas-rainha.pt
R. A. MADEIRA	CALHETA	Carlos Manuel Figueira de Ornelas Teles 	Avenida Dom Manuel I, N.º 46	9370-135 (Madeira)	camara@cmcalheta.pt	291820200	www.cm-calheta-madeira.com
R. A. AÇORES	CALHETA (SÃO JORGE)	Décio Natálio Almada Pereira 	Rua 25 de Abril	9850-032 (São Jorge)	geral@cm-calheta.pt	295416324	www.cm-calheta.pt
R. A. MADEIRA	CÂMARA DE LOBOS	Pedro Emanuel Abreu Coelho	Praça da Autonomia	9304-001	geral@cm-camaradelobos.pt	291911080	www.cm-camaradelobos.pt
Distrito VIANA DO CASTELO	CAMINHA	Luís Miguel da Silva Mendonça Alves	Largo Calouste Gulbenkian	4910-113	geral@cm-caminha.pt	258710300	www.cm-caminha.pt
Distrito PORTALEGRE	CAMPO MAIOR	Ricardo Miguel Furtado Pinheiro	Praça da República, Apartado 55	7370-999	geral@cm-campo-maior.pt	268680300	www.cm-campo-maior.pt
Distrito COIMBRA	CANTANHEDE	Maria Helena Rosa de Teodósio e Cruz Gomes de Oliveira	Praça Marquês de Marialva	3060-133	geral@cm-cantanhede.pt	231410100	www.cm-cantanhede.pt
Distrito BRAGANÇA	CARRAZEDA DE ANSIÃES	João Manuel dos Santos Lopes Gonçalves	Rua Jerónimo Barbosa	5140-077	geral@cmca.pt	278610200	www.cm-carrazedadeansiaes.pt
Distrito VISEU	CARREGAL DO SAL	Rogério Mota Abrantes 	Praça do Município	3430-909	geral@cm-carregal.pt	232960400	www.carregal-digital.pt
Distrito SANTARÉM	CARTAXO	Pedro Miguel Magalhães Ribeiro	Praça 15 de Dezembro	2070-050	correio@cm-cartaxo.pt	243700250	www.cm-cartaxo.pt
Distrito LISBOA	CASCAIS	Carlos Manuel Lavrador de Jesus Carreiras	Praça 5 de Outubro	2754-501	atendimento.municipal@cm-cascais.pt	214825000	www.cm-cascais.pt
Distrito LEIRIA	CASTANHEIRA DE PÊRA	Alda Maria das Neves Delgado Correia de Carvalho	Praça Visconde de Castanheira de Pêra	3280-017	camara@cm-castanheiradepera.pt	236430280	www.cm-castanheiradepera.pt
Distrito CASTELO BRANCO	CASTELO BRANCO	Luís Manuel dos Santos Correia 	Praça do Município	6000-458	camara@cm-castelobranco.pt	272330330	www.cm-castelobranco.pt
Distrito AVEIRO	CASTELO DE PAIVA	Gonçalo Fernando da Rocha de Jesus	Largo do Conde	4550-102	geral@cm-castelo-paiva.pt	255689500	www.cm-castelo-paiva.pt
Distrito PORTALEGRE	CASTELO DE VIDE	António Manuel das Neves Nobre Pita 	Rua Bartolomeu Álvares da Santa	7320-117	cm.castvide@mail.telepac.pt	245908220	www.cm-castelo-vide.pt
Distrito VISEU	CASTRO DAIRE	Paulo Martins de Almeida	Rua Dr. Pio Figueiredo N.º 42	3600-214	geral@cm-castrodaire.pt	232382214	www.cm-castrodaire.pt
Distrito FARO	CASTRO MARIM	Francisco Augusto Caimoto Amaral	Rua Dr. José Alves Moreira, N.º 10	8950-138	expediente@cm-castromarim.pt	281510740	www.cm-castromarim.pt
Distrito BEJA	CASTRO VERDE	António José Rosa de Brito	Praça do Município	7780-217	geral@cm-castroverde.pt	286320700	www.cm-castroverde.pt
Distrito GUARDA	CELORICO DA BEIRA	Carlos Manuel da Fonseca Ascenção	Rua Sacadura Cabral	6360-350	geral@cm-celoricodabeira.pt	271747400	www.cm-celoricodabeira.pt
Distrito BRAGA	CELORICO DE BASTO	Joaquim Monteiro da Mota e Silva	Praça Cardeal D. António Ribeiro	4890-291	geral@mun-celoricodebasto.pt	255320300	www.mun-celoricodebasto.pt
Distrito SANTARÉM	CHAMUSCA	Paulo Jorge Mira Lucas Cegonho Queimado	Rua Direita de São Pedro	2140-098	geral@cm-chamusca.pt	249769100	www.cm-chamusca.pt
Distrito VILA REAL	CHAVES	Nuno Vaz Ribeiro	Praça de de Camões	5400-150	municipio@chaves.pt	276340500	www.chaves.pt
Distrito VISEU	CINFÃES	Armando da Silva Mourisco 	Largo Paços do Concelho	4690-030	geral@cm-cinfaes.pt	255560560	www.cm-cinfaes.pt
Distrito COIMBRA	COIMBRA	Manuel Augusto Soares Machado 	Praça 8 de Maio	3000-300	geral@cm-coimbra.pt	239857500	www.cm-coimbra.pt
Distrito COIMBRA	CONDEIXA-A-NOVA	Nuno Moita da Costa	Largo Artur Barreto	3150-124	geral@cm-condeixa.pt	239949120	www.cm-condeixa.pt
Distrito SANTARÉM	CONSTÂNCIA	Sérgio Miguel Santos Pereira de Oliveira	Estrada Nacional 3, nº 13 	2250-028	geral@cm-constancia.pt	249730050	www.cm-constancia.pt
Distrito SANTARÉM	CORUCHE	Francisco Silvestre de Oliveira	 Praça da Liberdade	2100-121	geral@cm-coruche.pt	243610200	www.cm-coruche.pt
R. A. AÇORES	CORVO	José Manuel Alves da Silva 	Rua Jogo da Bola	9980-024	geral@cm-corvo.pt	292590200	www.cm-corvo.pt
Distrito CASTELO BRANCO	COVILHÃ	Vitor Manuel Pinheiro Pereira 	Praça do Município	6200-151	info@cm-covilha.pt	275330600	www.cm-covilha.pt
Distrito PORTALEGRE	CRATO	Joaquim Bernardo dos Santos Diogo	Praça do Município	7430-999	geral@cm-crato.pt	245990110	www.cm-crato.pt
Distrito BEJA	CUBA	João Manuel Casaca Português	Rua Serpa Pinto, 84	7940-172	geral@cm-cuba.pt	284419900	www.cm-cuba.pt
Distrito PORTALEGRE	ELVAS	Nuno Miguel Fernandes Mocinha	Rua Isabel Maria Picão - Apartado 70 	7350-953	geral@cm-elvas.pt	268639740	www.cm-elvas.pt
Distrito SANTARÉM	ENTRONCAMENTO	Jorge Manuel Alves de Faria 	Largo José Duarte Coelho	2330-078	geral@cm-entroncamento.pt	249720400	www.cm-entroncamento.pt
Distrito AVEIRO	ESPINHO	Joaquim José Pinto Moreira	Praça Dr. José Oliveira Salvador - Apartado 700	4501-901	geral@cm-espinho.pt	227335800	www.cm-espinho.pt
Distrito BRAGA	ESPOSENDE	António Benjamim da Costa Pereira	Praça do Município	4740-223	carla.dias@cm-esposende.pt	253960100	www.cm-esposende.pt
Distrito AVEIRO	ESTARREJA	Diamantino Manuel Sabina	Praça Francisco Barbosa	3864-001	geral@cm-estarreja.pt	234840600	www.cm-estarreja.pt
Distrito ÉVORA	ESTREMOZ	Luis Filipe Pereira Mourinha	Rossio Marquês de Pombal	7100-513	geral@cm-estremoz.pt	268339200	www.cm-estremoz.pt
Distrito ÉVORA	EVORA	Carlos Manuel Rodrigues Pinto de Sá	Praça do Sertório	7004-506	cmevora@cm-evora.pt	266777000	www.cm-evora.pt
Distrito BRAGA	FAFE	Raul Jorge Fernandes da Cunha	Avenida 5 de Outubro	4824-501	geral@cm-fafe.pt	253700400	www.cm-fafe.pt
Distrito FARO	FARO	Rogério Conceição Bacalhau Coelho	Largo da Sé	8004-001	geral@cm-faro.pt	289870870	www.cm-faro.pt
Distrito PORTO	FELGUEIRAS	Nuno Alexandre Martins da Fonseca	Praça da República	4610-116	geral@cm-felgueiras.pt	255318000	www.cm-felgueiras.pt
Distrito BEJA	FERREIRA DO ALENTEJO	Luis António Pita Ameixa	Praça Comendador Infante Passanha, N.º 5	7900-571	geral@cm-ferreira-alentejo.pt	284738700	www.ferreiradoalentejo.pt
Distrito SANTARÉM	FERREIRA DO ZÊZERE	Jacinto Manuel Lopes Cristas Flores	Praça Dias Ferreira, 38	2240-341	geral@cm-ferreiradozezere.pt	249360150	www.cm-ferreiradozezere.pt
Distrito COIMBRA	FIGUEIRA DA FOZ	João Albino Rainho Ataide das Neves	Avenida Saraiva de Carvalho	3084-501	municipe@cm-figfoz.pt	233403300	www.cm-figfoz.pt
Distrito GUARDA	FIGUEIRA DE CASTELO RODRIGO	Paulo José Gomes Langrouva	Largo Dr. Vilhena, N.º 1	6440-100	cm-fcr@cm-fcr.pt	271319000	www.cm-fcr.pt
Distrito LEIRIA	FIGUEIRÓ DOS VINHOS	Jorge Manuel Fernandes de Abreu	Praça do Município	3260-408	secretaria@cm-figueirodosvinhos.pt	236559550	www.cm-figueirodosvinhos.pt
Distrito GUARDA	FORNOS DE ALGODRES	António Manuel Pina Fonseca	Estrada Nacional N.º 16, Apartado 15	6370-999	geral@cm-fornosdealgodres.pt	271700060	www.cm-fornosdealgodres.pt
Distrito BRAGANÇA	FREIXO DE ESPADA À CINTA	Maria do Céu Quintas	praceta do Município 	5180-103	geral@cm-fec.pt	279658160	www.cm-freixoespadacinta.pt
Distrito PORTALEGRE	FRONTEIRA	Rogério David Sádio da Silva	Praça do Município	7460-110	municipio@cm-fronteira.pt	245600070	www.cm-fronteira.pt
R. A. MADEIRA	FUNCHAL	Paulo Alexandre Nascimento Cafôfo	Praça do Município	9004-512	cmf@cm-funchal.pt	291211000	www.cm-funchal.pt
Distrito CASTELO BRANCO	FUNDÃO	Paulo Alexandre Bernardo Fernandes	Praça do Município	6230-338	geral@cm-fundao.pt	275779060	www.cm-fundao.pt
Distrito PORTALEGRE	GAVIÃO	José Fernando da Silva Pio	Largo do Município	6040-102	geral@cm-gaviao.pt	241639070	www.cm-gaviao.pt
Distrito COIMBRA	GÓIS	Maria de Lurdes de Oliveira Castanheira	Praça da República	3330-310	correio@cm-gois.pt	235770110	www.cm-gois.pt
Distrito SANTARÉM	GOLEGÃ	José Tavares Veiga Silva Maltez	Largo D.Manuel I	2150-128	geral@cm-golega.pt	249979050	www.cm-golega.pt
Distrito PORTO	GONDOMAR	Marco André dos Santos Martins Lopes 	Praça Manuel Guedes	4420-193	geral@cm-gondomar.pt	224660500	www.cm-gondomar.pt
Distrito GUARDA	GOUVEIA	Luís Manuel Tadeu Marques	Avenida 25 de Abril	6290-554	geral@cm-gouveia.pt	238490210	www.cm-gouveia.pt
Distrito SETÚBAL	GRÂNDOLA	António Jesus Figueira Mendes 	Rua José Pereira Barradas, 11	7570-281	geral@cm-grandola.pt	269450000	www.cm-grandola.pt
Distrito GUARDA	GUARDA	Álvaro dos  Santos Amaro 	Praça do Município	6300-854	geral@mun-guarda.pt	271220200	www.mun-guarda.pt
Distrito BRAGA	GUIMARÃES	Domingos Bragança Salgado 	Largo Cónego José Maria Gomes	4804-534	geral@cm-guimaraes.pt	253421200	www.cm-guimaraes.pt
R. A. AÇORES	HORTA	José Leonardo Goulart Silva 	Largo Duque D´Ávila e Bolama	9900-997	geral@cmhorta.pt	292202000	www.cmhorta.pt
Distrito CASTELO BRANCO	IDANHA-A-NOVA	Armindo Moreira Palma Jacinto 	Largo do Município	6060-163	geral@cm-idanhanova.pt	277200570	www.cm-idanhanova.pt
Distrito AVEIRO	ÍLHAVO	Fernando Fidalgo Caçoilo 	Avenida 25 de Abril	3830-044	geralcmi@cm-ilhavo.pt	234329600	www.cm-ilhavo.pt
Distrito FARO	LAGOA	Francisco José Malveiro Martins 	Largo do Município 	8401-851	expediente@cm-lagoa.pt	282380400	www.cm-lagoa.pt
R. A. AÇORES	LAGOA (AÇORES)	Cristina de Fátima da Silva Calisto Decq Mota	Largo D.João III	9560-045	geral@lagoa-acores.pt	296960600	www.lagoa-acores.pt
Distrito FARO	LAGOS	Maria Joaquina Baptista Quintans de Matos 	Praça do Município	8600-293	expediente.geral@cm-lagos.pt	282771700	www.cm-lagos.pt
R. A. AÇORES	LAJES DAS FLORES	Luís Carlos Martins Maciel 	Avenida do Emigrante, N.º 4	9960-431	geral@cmlajesdasflores.pt	292590800	www.cmlajesdasflores.pt
R. A. AÇORES	LAJES DO PICO	Roberto Manuel Medeiros da Silva	Rua de São Francisco	9930-135	cmlpico@mail.telepac.pt	292679700	www.cm-lajesdopico.pt
Distrito VISEU	LAMEGO	Ângelo Manuel Mendes Moura	Avenida Padre Alfredo Pinto Teixeira 	5100-150	geral@cm-lamego.pt	254609600	www.cm-lamego.pt
Distrito LEIRIA	LEIRIA	Raúl Miguel de Castro	Largo da República	2414-006	cmleiria@cm-leiria.pt	244839500	www.cm-leiria.pt
Distrito LISBOA	LISBOA	Fernando Medina	Paços do Concelho - Praça do Município 	1149-014	geral@cm-lisboa.pt	213236100	www.cm-lisboa.pt
Distrito FARO	LOULÉ	Vitor Manuel Gonçalves Aleixo 	Praça da República, N.º 5	8104-001	cmloule@cm-loule.pt	289400600	www.cm-loule.pt
Distrito LISBOA	LOURES	Bernardino José Torrão Soares 	Praça da Liberdade, 4	2674-501	geral@cm-loures.pt	211150100	www.cm-loures.pt
Distrito LISBOA	LOURINHÃ	João Duarte Anastácio de Carvalho 	Praça José Máximo da Costa	2530-850	geral@cm-lourinha.pt	261410100	www.cm-lourinha.pt
Distrito COIMBRA	LOUSÃ	Luís Miguel Correia Antunes 	Rua Dr. João Santos	3200-953	geral@cm-lousa.pt	239990370	www.cm-lousa.pt
Distrito PORTO	LOUSADA	Pedro Daniel Machado Gomes 	Praça Dr. Francisco Sá Carneiro, Apartado 19	4620-909	cm-lousada@cm-lousada.pt	255820500	www.cm-lousada.pt
Distrito SANTARÉM	MAÇÃO	Vasco António Mendonça Sequeira Estrela 	Rua Padre António Pereira Figueiredo	6120-750	geral@cm-macao.pt	241577200	www.cm-macao.pt
Distrito BRAGANÇA	MACEDO DE CAVALEIROS	Benjamim do Nascimento Pereira Rodrigues	Jardim 1º Maio	5340-218	geral@cm-macedodecavaleiros.pt	278420420	www.cm-macedodecavaleiros.pt
R. A. MADEIRA	MACHICO	Ricardo Miguel Nunes Franco	Largo do Município	9200-099	gabinete.apoio@cm-machico.pt	291969990	www.cm-machico.pt
R. A. AÇORES	MADALENA DO PICO	José António Marcos Soares	Largo Cardeal Costa Nunes	9950-324	geral@cm-madalena.pt	292628700	www.cm-madalena.pt
Distrito LISBOA	MAFRA	Helder António Guerra de Sousa Silva 	Praça do Município	2644-001	geral@cm-mafra.pt	261810100	www.cm-mafra.pt
Distrito PORTO	MAIA	António Domingos da Silva Tiago	Praça Doutor José Vieira Carvalho	4474-006	geral@cm-maia.pt	229408600	www.cm-maia.pt
Distrito VISEU	MANGUALDE	João Nuno Ferreira Gonçalves de Azevedo	Largo Dr. Couto	3534-004	geral@cmmangualde.pt	232619880	www.cmmangualde.pt
Distrito GUARDA	MANTEIGAS	Esmeraldo Saraiva Neto Carvalhinho	Rua 1º de Maio	6260-101	geral@cm-manteigas.pt	275980000	www.cm-manteigas.pt
Distrito PORTO	MARCO DE CANAVESES	Cristina Lasalete Cardoso Vieira	Largo Sacadura Cabral	4630-219	info@cm-marco-canaveses.pt	255538800	www.cm-marco-canaveses.pt
Distrito LEIRIA	MARINHA GRANDE	Cidália Maria de Oliveira Rosa Ferreira	Praça Guilherme Stephens	2430-522	geral@cm-mgrande.pt	244573300	www.cm-mgrande.pt
Distrito PORTALEGRE	MARVÃO	Luis António Abelho Sobreira Vitorino	Largo de Santa Maria	7330-101	geral@cm-marvao.pt	245909130	www.cm-marvao.pt
Distrito PORTO	MATOSINHOS	Luisa Maria Neves Salgueiro	Av. D. Afonso Henriques	4454-510	mail@cm-matosinhos.pt	229390900	www.cm-matosinhos.pt
Distrito AVEIRO	MEALHADA	Rui Manuel Leal Marqueiro 	Largo do Município	3050-001	gabpresidencia@cm-mealhada.pt	231200980	www.cm-mealhada.pt
Distrito GUARDA	MÊDA	Anselmo Antunes de Sousa	Largo do Município	6430-197	cmeda@cm-meda.pt	279880040	www.cm-meda.pt
Distrito VIANA DO CASTELO	MELGAÇO	Manoel Batista Calçada Pombal	Largo Hermenigildo Solheiro 	4960-551	geral@cm-melgaco.pt	251410100	www.cm-melgaco.pt
Distrito BEJA	MÉRTOLA	Jorge Paulo Colaço Rosa	Praça Luís de Camões	7750-329	geral@cm-mertola.pt	286610100	www.cm-mertola.pt
Distrito VILA REAL	MESÃO FRIO	Alberto Monteiro Pereira	Avenida Conselheiro Alpoim, n.º 432	5040-310	geral@cm-mesaofrio.pt	254890100	www.cm-mesaofrio.pt
Distrito COIMBRA	MIRA	Raul José Rei Soares de Almeida 	Praça do Município	3070-304	geral@cm-mira.pt	231480550	www.cm-mira.pt
Distrito COIMBRA	MIRANDA DO CORVO	António Miguel Costa Baptista 	Praça José Falcão	3220-206	camara@cm-mirandadocorvo.pt	239530320	www.cm-mirandadocorvo.pt
Distrito BRAGANÇA	MIRANDA DO DOURO	Artur Manuel Rodrigues Nunes	Largo D. João III	5210-190	geral@cm-mdouro.pt	273430020	www.cm-mdouro.pt
Distrito BRAGANÇA	MIRANDELA	Júlia Maria de Almeida Lima e Sequeira Rodrigues	Praça  do Município	5370-288	geral@cm-mirandela.pt	278200200	www.cm-mirandela.pt
Distrito BRAGANÇA	MOGADOURO	Francisco José Mateus Albuquerque Guimarães 	Largo do Convento de S. Francisco	5200-244	geral@mogadouro.pt	279340100	www.mogadouro.pt
Distrito VISEU	MOIMENTA DA BEIRA	José Eduardo Lopes Ferreira	Largo do Tabolado	3620-324	geral@cm-moimenta.pt	254520070	www.cm-moimenta.pt
Distrito SETÚBAL	MOITA	Rui Manuel Marques Garcia 	Praça da República	2864-007	cmmoita@mail.cm-moita.pt	212806700	www.cm-moita.pt
Distrito VIANA DO CASTELO	MONÇÃO	António José Fernandes Barbosa	Largo de Camões	4950-440	gap@cm-moncao.pt	251649000	www.cm-moncao.pt
Distrito FARO	MONCHIQUE	Rui Miguel da Silva André	Travessa da Portela nº 2	8550-470	geral@cm-monchique.pt	282910200	www.cm-monchique.pt
Distrito VILA REAL	MONDIM DE BASTO	Humberto da Costa Cerqueira	Largo Conde de Vila Real	4880-236	geral@cm-mondimdebasto.pt	255389300	http://municipio.mondimdebasto.pt
Distrito PORTALEGRE	MONFORTE	Gonçalo Nuno Brandão Ribeiro Amanso Pataca Lagem	Praça da República, Apartado 4	7450-115	cmmonforte@mail.telepac.pt	245578060	www.cm-monforte.pt
Distrito VILA REAL	MONTALEGRE	Manuel Orlando Fernandes Alves 	Praça do Município nº 1	5470-214	municipio@cm-montalegre.pt	276510200	www.cm-montalegre.pt
Distrito ÉVORA	MONTEMOR-O-NOVO	Hortênsia dos Anjos Chegado Menino 	Largo Paços do Concelho	7050-127	cmmontemor@cm-montemornovo.pt	266898100	www.cm-montemornovo.pt
Distrito COIMBRA	MONTEMOR-O-VELHO	Emílio Augusto Ferreira Torrão 	Praça da República	3140-258	geral@cm-montemorvelho.pt	239687300	www.cm-montemorvelho.pt
Distrito SETÚBAL	MONTIJO	Nuno Miguel Ribeiro Canta 	Rua Manuel Neves Nunes de Almeida	2870-352	geral@mun-montijo.pt	212327600	www.mun-montijo.pt
Distrito ÉVORA	MORA	Luis Simão Duarte de Matos	Rua do Município	7490-243	geral@cm-mora.pt	266439070	www.cm-mora.pt
Distrito VISEU	MORTÁGUA	José Júlio Henriques Norte 	Rua Dr. João Lopes de Morais	3450-153	mortagua@cm-mortagua.pt	231927460	www.cm-mortagua.pt
Distrito BEJA	MOURA	Álvaro José Pato Azevedo Alegria	Praça Sacadura Cabral	7860-207	cmmoura@cm-moura.pt	285250400	www.cm-moura.pt
Distrito ÉVORA	MOURÃO	Maria Clara Pimenta Pinto Martins Safara 	Praça da República N.º 20 	7240-233	gap@cm-mourao.pt	266560010	www.cm-mourao.pt
Distrito VILA REAL	MURÇA	Mário Artur Correia Lopes	Praça 5 de Outubro	5090-112	geral@cm-murca.pt	259510120	www.cm-murca.pt
Distrito AVEIRO	MURTOSA	Joaquim Manuel dos Santos Baptista 	Praça do Município, 1	3870-101	geral@cm-murtosa.pt	234830100	www.cm-murtosa.pt
Distrito LEIRIA	NAZARÉ	Walter Manuel Cavaleiro Chicharro 	Av. Vieira Guimarães, 54	2450-951	geral@cm-nazare.pt	262550010	www.cm-nazare.pt
Distrito VISEU	NELAS	José Manuel Borges da Silva 	Largo do Município	3520-001	geral@cm-nelas.pt	232941300	www.cm-nelas.pt
Distrito PORTALEGRE	NISA	Maria Idalina Alves Trindade 	Praça do Município	6050-358	geral@cm-nisa.pt	245410000	www.cm-nisa.pt
R. A. AÇORES	NORDESTE  (S. Miguel Açores)	António Miguel Borges Soares	Praça da República	9630-141	geral@cmnordeste.pt	296480060	www.cmnordeste.pt
Distrito LEIRIA	ÓBIDOS	Humberto da Silva Marques 	Largo de São Pedro	2510-086	geral@cm-obidos.pt	262955500	www.cm-obidos.pt
Distrito BEJA	ODEMIRA	José Alberto Candeias Guerreiro	Praça da República	7630-139	geral@cm-odemira.pt	283320900	www.cm-odemira.pt
Distrito LISBOA	ODIVELAS	Hugo Manuel dos Santos Martins	Quinta da Memória - Rua Guilherme Gomes Fernandes	2675-372	geral@cm-odivelas.pt	219320000	www.cm-odivelas.pt
Distrito LISBOA	OEIRAS	Isaltino Afonso Morais	Largo Marquês de Pombal	2784-501	geral@cm-oeiras.pt	214408300	www.cm-oeiras.pt
Distrito CASTELO BRANCO	OLEIROS	Fernando Marques Jorge 	Praça do Município	6160-409	geral@cm-oleiros.pt	272680130	www.cm-oleiros.pt
Distrito FARO	OLHÃO	António Miguel Ventura Pina	Largo Sebastião Martins Mestre	8700-349	geral@cm-olhao.pt	289700100	www.cm-olhao.pt
Distrito AVEIRO	OLIVEIRA DE AZEMÉIS	Joaquim Jorge Ferreira	Largo da República	3720-240	geral@cm-oaz.pt	256600600	www.cm-oaz.pt
Distrito VISEU	OLIVEIRA DE FRADES	Paulo Manuel Robalo da Silva Ferreira	Largo Dr. Joaquim de Almeida	3680-111	cmofrades@mail.telepac.pt	232760300	www.cm-ofrades.com
Distrito AVEIRO	OLIVEIRA DO BAIRRO	Duarte dos Santos Almeida Novo	Praça do Município,  Ed. Paços do Concelho	3770-851	cmolb@cm-olb.pt	234732100	www.cm-olb.pt
Distrito COIMBRA	OLIVEIRA DO HOSPITAL	José Carlos Alexandrino Mendes	Largo Conselheiro Cabral Metello	3400-062	geral@cm-oliveiradohospital.pt	238605250	www.cm-oliveiradohospital.pt
Distrito SANTARÉM	OURÉM	Luis Miguel Marques Grossinho Coutinho Albuquerque	Praça Dª Maria II, 1	2490-499	geral@mail.cm-ourem.pt	249540900	www.cm-ourem.pt
Distrito BEJA	OURIQUE	Marcelo David Coelho Guerreiro	Avenida 25 de Abril, N.º 26	7670-250	geral@cmourique.pt	286510400	www.cm-ourique.pt
Distrito AVEIRO	OVAR	Salvador Malheiro Ferreira da Silva 	Praça da República	3880-141	gapresidencia@cm-ovar.pt	256581300	www.cm-ovar.pt
Distrito PORTO	PAÇOS DE FERREIRA	Humberto Fernando Leão Pacheco de Brito 	Praça da República, 46	4590-527	geral@cm-pacosdeferreira.pt	255860700	www.cm-pacosdeferreira.pt
Distrito SETÚBAL	PALMELA	Álvaro Manuel Balseiro Amaro 	Largo do Município	2954-001	geral@cm-palmela.pt	212336600	www.cm-palmela.pt
Distrito COIMBRA	PAMPILHOSA DA SERRA	José Alberto Pacheco Brito Dias	Rua Rangel de Lima	3320-229	municipio@cm-pampilhosadaserra.pt	235590320	www.cm-pampilhosadaserra.pt
Distrito PORTO	PAREDES	José Alexandre da Silva Almeida	Parque Jose Guilherme	4580-130	cmparedes@cm-paredes.pt	255788800	www.cm-paredes.pt
Distrito VIANA DO CASTELO	PAREDES DE COURA	Vítor Paulo Gomes Pereira 	Largo Visconde de Moselos - Apartado 6	4941-909	geral@paredesdecoura.pt	251780100	www.paredesdecoura.pt
Distrito LEIRIA	PEDRÓGÃO GRANDE	Valdemar Gomes Fernandes Alves 	Largo da Devesa	3271-909	geral@cm-pedrogaogrande.pt	236480150	www.cm-pedrogaogrande.pt
Distrito COIMBRA	PENACOVA	Humberto José Baptista Oliveira	Largo Alberto Leitão, nº 5	3360-341	geral@cm-penacova.pt	239470300	www.cm-penacova.pt
Distrito PORTO	PENAFIEL	Antonino Aurélio Vieira de Sousa 	Praça do Município	4564-002	penafiel@cm-penafiel.pt	255710700	www.cm-penafiel.pt
Distrito VISEU	PENALVA DO CASTELO	Francisco Lopes de Carvalho 	Avenida Castendo, N.º 1	3550-185	geral@cm-penalvadocastelo.pt	232640020	www.cm-penalvadocastelo.pt
Distrito CASTELO BRANCO	PENAMACOR	António Luís Beites Soares 	Largo do Município	6090-543	secretaria.gap@cm-penamacor.pt	277394106	www.cm-penamacor.pt
Distrito VISEU	PENEDONO	António Carlos Saraiva Esteves de Carvalho	Largo da Devesa	3630-253	cm-penedono@cm-penedono.pt	254509030	www.cm-penedono.pt
Distrito COIMBRA	PENELA	Luis Filipe da Silva Lourenço Matias 	Praça do Município	3230-253	cmpenela@cm-penela.pt	239560120	www.cm-penela.pt
Distrito LEIRIA	PENICHE	Henrique Bertino Batista Antunes	Largo do Município	2520-239	cmpeniche@cm-peniche.pt	262780100	www.cm-peniche.pt
Distrito VILA REAL	PESO DA RÉGUA	José Manuel Gonçalves	Praça do Município	5054-003	cmregua@cmpr.pt	254320230	www1.cm-pesoregua.pt
Distrito GUARDA	PINHEL	Rui Manuel Saraiva Ventura	Largo Ministro Duarte Pacheco, 8	6400-358	cm-pinhel@cm-pinhel.pt	271410000	www.cm-pinhel.pt
Distrito LEIRIA	POMBAL	Luís Diogo de Paiva Morão Alves Mateus	Largo do Cardal	3100-440	geral@cm-pombal.pt	236210500	www.cm-pombal.pt
R. A. AÇORES	PONTA DELGADA	José Manuel Cabral Dias Bolieiro	Praça do Município	9504-523	geral@mpdelgada.pt	296304400	www.cm-pontadelgada.pt
R. A. MADEIRA	PONTA DO SOL	Célia Maria da Silva Pecegueiro	Rua de Santo António N. º 5	9360-219	presidencia@cm-pontadosol.pt	291972106	www.cm-pontadosol.pt
Distrito VIANA DO CASTELO	PONTE DA BARCA	Augusto Manuel dos Reis Marinho	Praça Dr. António Lacerda	4980-620	geral@cmpb.pt	258480180	www.cmpb.pt
Distrito VIANA DO CASTELO	PONTE DE LIMA	Victor Manuel Alves Mendes	Praça da República	4990-062	geral@cm-pontedelima.pt	258900400	www.cm-pontedelima.pt
Distrito PORTALEGRE	PONTE DE SOR	Hugo Luís Pereira Hilário 	Campo da Restauração	7400-223	geral@cm-pontedesor.pt	242291580	www.cm-pontedesor.pt
Distrito PORTALEGRE	PORTALEGRE	Maria Adelaide Lebreiro de Aguiar Marques Teixeira	Rua Guilherme Gomes Fernandes, N.º 28	7300-186	municipio@cm-portalegre.pt	245307400	www.cm-portalegre.pt
Distrito ÉVORA	PORTEL	José Manuel Clemente Grilo 	Praça D. Nuno Álvares Pereira	7220-375	geral@mail.cm-portel.pt	266619030	www.cm-portel.pt
Distrito FARO	PORTIMÃO	Isilda Maria Prazeres Varges Gomes	Praça 1º de Maio	8500-543	geral@cm-portimao.pt	282470700	www.cm-portimao.pt
Distrito PORTO	PORTO	Rui de Carvalho de Araújo Moreira 	Praça General Humberto Delgado	4049-001	geral@cm-porto.pt	222097000	www.cm-porto.pt
Distrito LEIRIA	PORTO DE MÓS	José Jorge Couto Vala	Praça da República	2484-001	geral@municipio-portodemos.pt	244499600	www.municipio-portodemos.pt
R. A. MADEIRA	PORTO MONIZ	João Emanuel Silva Câmara 	Praça do Lyra	9270-053	geral@portomoniz.pt	291850180	www.portomoniz.pt
R. A. MADEIRA	PORTO SANTO	José Idalino de Vasconcelos	Rua Dr. Nuno Silvestre Teixeira	9400-000	info@cm-portosanto.pt	291980640	www.cm-portosanto.pt
Distrito BRAGA	PÓVOA DE LANHOSO	Avelino Adriano Gaspar da Silva	Av. da República	4830-513	geral@mun-planhoso.pt	253639700	www.mun-planhoso.pt
Distrito PORTO	PÓVOA DE VARZIM	Aires Henrique do Couto Pereira 	Praça do Almada, N.º 5A	4490-438	geral@cm-pvarzim.pt	252090000	www.cm-pvarzim.pt
R. A. AÇORES	POVOAÇÃO (S. Miguel Açores)	Pedro  Nuno Sousa Melo	Largo do Município, 1	9650-411	geral@cm-povoacao.pt	296550200	www.cm-povoacao.pt
Distrito CASTELO BRANCO	PROENÇA-A-NOVA	João Manuel Ventura Grilo de Melo Lobo	Avenida do Colégio	6150-401	geral@cm-proencanova.pt	274670000	www.cm-proencanova.pt
Distrito ÉVORA	REDONDO	António José Rega Matos Recto 	Praça da República	717O-011	geral@cm-redondo.pt	266989210	www.cm-redondo.pt
Distrito ÉVORA	REGUENGOS DE MONSARAZ	José Gabriel Paixão Calixto	Praça da Liberdade, Apartado 16	7201-970	geral@cm-reguengos-monsaraz.pt	266508040	www.cm-reguengos-monsaraz.pt
Distrito VISEU	RESENDE	Manuel Joaquim Garcez Trindade 	Av. Rebelo Moniz 	4660-212	geral@cm-resende.pt	254240930	www.cm-resende.pt
R. A. MADEIRA	RIBEIRA BRAVA (Madeira)	Ricardo António Nascimento 	Rua do Visconde N.º 56	9350-213	geral@cm-ribeirabrava.pt	291952548	www.cm-ribeirabrava.pt
Distrito VILA REAL	RIBEIRA DE PENA	João Avelino Noronha Rodrigues de Carvalho	Praça do Município	4870-152	geral@cm-rpena.pt	259490500	www.cm-rpena.pt
R. A. AÇORES	RIBEIRA GRANDE	Alexandre Branco Gaudêncio 	Largo Conselheiro HIntze Ribeiro	9600-509	geralcmrg@cm-ribeiragrande.pt	296470730	www.cm-ribeiragrande.pt
Distrito SANTARÉM	RIO MAIOR	Isaura Maria Elias Crisóstomo Bernardino Morais	Praça da República	2040-320	geral@cm-riomaior.pt	243999300	www.cm-riomaior.pt
Distrito VISEU	S. JOÃO DA PESQUEIRA	Manuel António Natário Cordeiro	Av.ª Marquês de Soveral, n.º 67	5130-321	cmsjp@mail.telepac.pt	254489999	www.sjpesqueira.pt
Distrito VILA REAL	SABROSA	Domingos Manuel Alves Carvas	Rua do Loreto	5060-328	geral@cm-sabrosa.pt	259937120	www.sabrosa.pt
Distrito GUARDA	SABUGAL	António dos Santos Robalo	Praça da República	6324-007	geral@cm-sabugal.pt	271751040	www.cm-sabugal.pt
Distrito SANTARÉM	SALVATERRA DE MAGOS	Hélder Manuel Ramalho de Sousa Esménio 	Praça da República N.º 1	2120-072	geral@cm-salvaterrademagos.pt	263509500	www.cm-salvaterrademagos.pt
Distrito VISEU	SANTA COMBA DÃO	Leonel José Antunes Gouveia	Largo do Município, N.º 13	3440-337	geral@cm-santacombadao.pt	232880500	www.cm-santacombadao.pt
R. A. MADEIRA	SANTA CRUZ	Filipe Martiniano Martins de Sousa 	Praça Dr. João Abel de Freitas	9100-157	geral@cm-santacruz.pt	291520100	www.cm-santacruz.pt
R. A. AÇORES	SANTA CRUZ DA GRACIOSA	Manuel Avelar Cunha Santos	Largo Vasco da Gama	9880-352	geral@cm-graciosa.pt	295730040	www.cm-graciosa.pt
R. A. AÇORES	SANTA CRUZ DAS FLORES	José Carlos Pimentel Mendes 	Rua Senador Andre de Freitas, N.º 13	9970-337	geral@cmscflores.pt	292590700	www.cmscflores.pt
Distrito AVEIRO	SANTA MARIA DA FEIRA	Emídio Ferreira dos Santos Sousa	Praça da República, N.º 135	4524-909	santamariadafeira@cm-feira.pt	256370800	www.cm-feira.pt
Distrito VILA REAL	SANTA MARTA DE PENAGUIÃO	Luís Reguengo Machado 	Rua dos Combatentes	5030-477	geral@cm-smpenaguiao.pt	254810130	www.cm-smpenaguiao.pt
R. A. MADEIRA	SANTANA	Teófilo Alírio Reis Cunha 	Sitio do Serrado	9230-116	gap@cm-santana.com	291570200	www.cm-santana.com
Distrito SANTARÉM	SANTARÉM	Ricardo Gonçalves Ribeiro Gonçalves	Praça do Município	2005-245	geral@cm-santarem.pt	243304200	www.cm-santarem.pt
Distrito SETÚBAL	SANTIAGO DO CACÉM	Álvaro dos Santos Beijinha	Praça do Município	7540-136	geral@cm-santiagocacem.pt	269829400	www.cm-santiagocacem.pt
Distrito PORTO	SANTO TIRSO	Joaquim Barbosa Ferreira Couto 	Praça 25 de Abril	4780-373	santotirso@cm-stirso.pt	252830400	www.cm-stirso.pt
Distrito FARO	SÃO BRÁS DE ALPORTEL	Vítor Manuel Martins Guerreiro 	Rua Gago Coutinho, N.º 1	8150-151	camara@cm-sbras.pt	289840000	www.cm-sbras.pt
Distrito AVEIRO	SÃO JOÃO DA MADEIRA	Jorge Manuel Rodrigues Vultos Sequeira	Av. da Liberdade	3701-956	geral@cm-sjm.pt	256200200	www.cm-sjm.pt
Distrito VISEU	SÃO PEDRO DO SUL	Vítor Manuel de Almeida Figueiredo 	Largo da Câmara	3660-436	geral@cm-spsul.pt	232720140	www.cm-spsul.pt
R. A. AÇORES	SÃO ROQUE DO PICO	Mark Anthony Silveira 	Alameda 10 de Novembro de 1542	9940-353	geral@cm-saoroquedopico.pt	292648700	www.cm-saoroquedopico.pt
R. A. MADEIRA	SÃO VICENTE	José António Gonçalves Garcês 	Paços do Município - Vila de São Vicente	9240-225	geral@cm-saovicente.pt	291840020	www.cm-saovicente.pt
Distrito SANTARÉM	SARDOAL	António Miguel Cabedal Borges 	Praça da República 	2230-222	geral@cm-sardoal.pt	241850000	www.cm-sardoal.pt
Distrito VISEU	SÁTÃO	Paulo Manuel Lopes dos Santos	Praça Paulo VI	3560-154	geral@cm-satao.pt	232980000	www.cm-satao.pt
Distrito GUARDA	SEIA	Carlos Filipe Camelo Miranda de Figueiredo	Largo Dr. António Borges Pires	6270-494	cm-seia@cm-seia.pt	238310230	www.cm-seia.pt
Distrito SETÚBAL	SEIXAL	Joaquim Cesário Cardador dos Santos 	Alameda dos Bombeiros Voluntários, N.º 45	2844-001	camara.geral@cm-seixal.pt	212276700	www.cm-seixal.pt
Distrito VISEU	SERNANCELHE	Carlos Silva Santiago 	Edifício dos Paços do Concelho	3640-240	geral@cm-sernancelhe.pt	254598300	www.cm-sernancelhe.pt
Distrito BEJA	SERPA	Tomé Alexandre Martins Pires 	Praça da República	7830-389	geral@cm-serpa.pt	284540100	www.cm-serpa.pt
Distrito CASTELO BRANCO	SERTÃ	José Farinha Nunes	Largo do Município	6100-738	geral@cm-serta.pt	274600300	www.cm-serta.pt
Distrito SETÚBAL	SESIMBRA	Francisco Manuel Firmino de Jesus	Rua da República, 3	2970-741	geral@cm-sesimbra.pt;informação@cm-sesimbra.pt;	212288500	www.cm-sesimbra.pt
Distrito SETÚBAL	SETÚBAL	Maria das Dores Marques Banheiro Meira	Praça de Bocage	2901-866	gap@mun-setubal.pt	265541500	www.mun-setubal.pt
Distrito AVEIRO	SEVER DO VOUGA	António José Martins Coutinho 	Largo do Município	3740-262	cm.sever@cm-sever.pt	234555566	www.cm-sever.pt
Distrito FARO	SILVES	Rosa Cristina Gonçalves da Palma	Largo do Município	8300-117	expediente@cm-silves.pt	282440800	www.cm-silves.pt
Distrito SETÚBAL	SINES	Nuno José Gonçalves Mascarenhas 	Largo Ramos Costa 	7520-159	geral@mun-sines.pt	269630600	www.cm-sines.pt
Distrito LISBOA	SINTRA	Basílio Adolfo de Mendonça Horta da Franca 	Largo Dr. Virgílio Horta	2714-501	geral@cm-sintra.pt;municipe@cm-sintra.pt	219238500	www.cm-sintra.pt
Distrito LISBOA	SOBRAL DE MONTE AGRAÇO	José Alberto Quintino	Praça Dr. Eugénio Dias, N.º 4	2590-016	geral@cm-sobral.pt	261940300	www.cm-sobral.pt
Distrito COIMBRA	SOURE	Mário Jorge da Costa Rodrigues Nunes 	Praça da República	3130-218	geral@cm-soure.pt	239506550	www.cm-soure.pt
Distrito PORTALEGRE	SOUSEL	Manuel Joaquim Silva Valério	Praça da República	7470-220	geral@cm-sousel.pt	268550100	www.cm-sousel.pt
Distrito COIMBRA	TÁBUA	Mário de Almeida Loureiro 	Praça da República	3420-308	geral@cm-tabua.pt	235410340	www.cm-tabua.pt
Distrito VISEU	TABUAÇO	Carlos André Teles Paulo de Carvalho 	Rua António José de Almeida, 36	5120-413	cm-tabuaco@cm-tabuaco.pt	254780000	www.cm-tabuaco.pt
Distrito VISEU	TAROUCA	Valdemar de Carvalho Pereira 	Av.Dr.Alexandre Taveira Cardoso	3610-128	camara@cm-tarouca.pt	254677420	www.cm-tarouca.pt
Distrito FARO	TAVIRA	Jorge Manuel Nascimento Botelho	Praça da República	8800-951	camara@cm-tavira.pt	281320500	www.cm-tavira.pt
Distrito BRAGA	TERRAS DE BOURO	Manuel João Sampaio Tibo	Praça do Município	4840-100	geral@cm-terrasdebouro.pt	253350010	www.cm-terrasdebouro.pt
Distrito SANTARÉM	TOMAR	Anabela Gaspar de Freitas 	Praça da República	2300-550	presidencia@cm-tomar.pt	249329800	www.cm-tomar.pt
Distrito VISEU	TONDELA	José António Gomes de Jesus 	Largo da República, N.º 16	3464-001	geral@cm-tondela.pt	232811110	www.cm-tondela.pt
Distrito BRAGANÇA	TORRE DE MONCORVO	Nuno Jorge Rodrigues Gonçalves	Largo Dr. Campos Monteiro	5160-303	geral@torredemoncorvo.pt	279200220	www.torredemoncorvo.pt
Distrito SANTARÉM	TORRES NOVAS	Pedro Paulo Ramos Ferreira 	Rua General António César de Vasconcelos Correia	2350-421	geral@cm-torresnovas.pt	249839430	www.cm-torresnovas.pt
Distrito LISBOA	TORRES VEDRAS	Carlos Manuel Antunes Bernardes	Avenida  5 de Outubro	2560-270	geral@cm-tvedras.pt	261310400	www.cm-tvedras.pt
Distrito GUARDA	TRANCOSO	Amílcar José Nunes Salvador 	Praça do Município	6420-107	geral@cm-trancoso.pt	271829120	www.cm-trancoso.pt
Distrito PORTO	TROFA	Sérgio Humberto Pereira da Silva 	Rua das Indústrias, N.º 393 (EN 14), Apartado 65	4786-909	geral@mun-trofa.pt	252409290	www.mun-trofa.pt
Distrito AVEIRO	VAGOS	Silvério Rodrigues Regalado 	Rua da Saudade	3840-420	geral@cm-vagos.pt	234799600	www.cm-vagos.pt
Distrito AVEIRO	VALE DE CAMBRA	José Alberto Freitas Soares Pinheiro e Silva 	Edifício Municipal, Av. Camilo Tavares de Matos, N.º 19	3730-901	geral@cm-valedecambra.pt	256420510	www.cm-valedecambra.pt
Distrito VIANA DO CASTELO	VALENÇA	Jorge Manuel Salgueiro Mendes	Praça da República	4930-702	geral@cm-valenca.pt	251809500	www.cm-valenca.pt
Distrito PORTO	VALONGO	José Manuel Pereira Ribeiro 	Avenida 5 de Outubro 	4440-503	gabmunicipe@cm-valongo.pt	224227900	www.cm-valongo.pt
Distrito VILA REAL	VALPAÇOS	Amílcar Rodrigues Alves Castro de Almeida 	Praça do município	5430-482	municipio@valpacos.pt	278710130	http://valpacos.pt
R. A. AÇORES	VELAS, São Jorge, AÇORES	Luís Virgílio de Sousa da Silveira 	Rua Jardim da República	9800-539	geral@cmvelas.pt	295412214	www.cmvelas.pt
Distrito ÉVORA	VENDAS NOVAS	Luís Carlos Piteira Dias 	Avenida da República 	7080-099	geral@cm-vendasnovas.pt	265807700	www.cm-vendasnovas.pt
Distrito ÉVORA	VIANA DO ALENTEJO	Bernardino António Bengalinha Pinto	Rua Brito Camacho, N.º 13	7090-237	camara@cm-vianadoalentejo.pt	266930010	www.cm-vianadoalentejo.pt
Distrito VIANA DO CASTELO	VIANA DO CASTELO	José Maria da Cunha Costa	Passeio das Mordomas da Romaria	4904-877	cmviana@cm-viana-castelo.pt	258809300	www.cm-viana-castelo.pt
Distrito BEJA	VIDIGUEIRA	Rui Manuel Serrano Raposo	Praça da República	7960-225	geral@cm-vidigueira.pt	284437400	www.cm-vidigueira.pt
Distrito BRAGA	VIEIRA DO MINHO	António Cardoso Barbosa 	Praça Guilherme de Abreu	4850-527	geral@cm-vminho.pt	253649270	www.cm-vminho.pt
Distrito CASTELO BRANCO	VILA DE REI	Ricardo Jorge Martins Aires	Praça Família Mattos e Silva Neves	6110-174	geral@cm-viladerei.pt	274890010	www.cm-viladerei.pt
Distrito FARO	VILA DO BISPO	Adelino Augusto da Rocha Soares	Paços do Concelho	8650-407	geral@cm-viladobispo.pt	282630600	www.cm-viladobispo.pt
Distrito PORTO	VILA DO CONDE	Maria Elisa de Carvalho Ferraz 	Praça Vasco da Gama	4480-454	geral@cm-viladoconde.pt	252248400	www.cm-viladoconde.pt
R. A. AÇORES	VILA DO PORTO	Carlos Henrique Lopes Rodrigues	Largo Nossa Senhora da Conceição	9580-539	geral@cm-viladoporto.pt	296820000	www.cm-viladoporto.pt
Distrito BRAGANÇA	VILA FLOR	Fernando Francisco Teixeira de Barros	Avenida Marechal Carmona	5360-303	geral@cm-vilaflor.pt	278510100	www.cm-vilaflor.pt
Distrito LISBOA	VILA FRANCA DE XIRA	Alberto Simões Maia Mesquita 	Praça Afonso de Albuquerque, N.º 2	2600-093	geral@cm-vfxira.pt	263285600	www.cm-vfxira.pt
R. A. AÇORES	VILA FRANCA DO CAMPO	Ricardo Manuel de Amaral Rodrigues 	Praça da República	9680-115	geral@cmvfc.pt	296539100	www.cmvfc.pt
Distrito SANTARÉM	VILA NOVA DA BARQUINHA	Fernando Manuel dos Santos Freire 	Praça da República	2260-411	geral@cm-vnbarquinha.pt	249720350	www.cm-vnbarquinha.pt
Distrito VIANA DO CASTELO	VILA NOVA DE CERVEIRA	João Fernando Brito Nogueira 	Praça do Município	4920-284	geral@cm-vncerveira.pt	251708020	www.cm-vncerveira.pt
Distrito BRAGA	VILA NOVA DE FAMALICÃO	Paulo Alexandre Matos Cunha 	Praça Álvaro Marques	4764-502	camaramunicipal@vilanovadefamalicao.org	252320900	www.vilanovadefamalicao.org
Distrito GUARDA	VILA NOVA DE FOZ CÔA	Gustavo de Sousa Duarte	Praça do Município	5150-642	correio@cm-fozcoa.pt	279760400	www.cm-fozcoa.pt
Distrito PORTO	VILA NOVA DE GAIA	Eduardo Vitor Rodrigues	Rua Álvares Cabral	4400-017	geral@cm-gaia.pt	223742400	www.cm-gaia.pt
Distrito VISEU	VILA NOVA DE PAIVA	José Morgado Ribeiro	Praça D. Afonso Henriques, N.º 1	3650-207	geral@cm-vnpaiva.pt	232609900	www.cm-vnpaiva.pt
Distrito COIMBRA	VILA NOVA DE POIARES	João Miguel Sousa Henriques 	Largo da República	3350-156	geral@cm-vilanovadepoiares.pt	239420850	www.cm-vilanovadepoiares.pt
Distrito VILA REAL	VILA POUCA DE AGUIAR	António Alberto Pires Aguiar Machado 	Rua Dr. Henrique Botelho	5450-027	geral@cm-vpaguiar.pt	259419100	www.cm-vpaguiar.pt
R. A. AÇORES	VILA PRAIA DA VITÓRIA	Tibério Manuel Faria Dinis	Praça Francisco Ornelas da Câmara	9760-851	geral@cmpv.pt	295540200	www.cmpv.pt
Distrito VILA REAL	VILA REAL	Rui Santos 	Avenida Carvalho Araújo	5000-657	geral@cm-vilareal.pt	259308100	www.cm-vilareal.pt
Distrito FARO	VILA REAL DE SANTO ANTÓNIO	Maria da Conceição Cipriano Cabrita	Praça Marquês de Pombal	8900-231	geral@cm-vrsa.pt	281510000	www.cm-vrsa.pt
Distrito CASTELO BRANCO	VILA VELHA DE RÓDÃO	Luís Miguel Ferro Pereira 	Rua de Santana	6030-230	geral@cm-vvrodao.pt	272540300	www.cm-vvrodao.pt
Distrito BRAGA	VILA VERDE	António Fernando Nogueira Cerqueira Vilela	Praça do Município	4730-733	geral@cm-vilaverde.pt	253310500	www.cm-vilaverde.pt
Distrito ÉVORA	VILA VIÇOSA	Manuel João Fontainhas Condenado 	Praça da República	7160-207	geral@cm-vilavicosa.pt	268889310	www.cm-vilavicosa.pt
Distrito BRAGANÇA	VIMIOSO	António Jorge Fidalgo Martins	Praça Eduardo Coelho	5230-315	gi.cmv@cm-vimioso.pt	273518120	www.cm-vimioso.pt
Distrito BRAGANÇA	VINHAIS	Luis dos Santos Fernandes	R. das Freiras, N.º 13	5320-326	geral@cm-vinhais.pt	273770300	www.cm-vinhais.pt
Distrito VISEU	VISEU	António Joaquim Almeida Henriques 	Praça da República	3514-501	geral@cmviseu.pt	232427427	www.cm-viseu.pt
Distrito BRAGA	VIZELA	Vitor Hugo Machado da Costa Salgado de Abreu	Praça do município, nº 522	4815-013	geral@cm-vizela.pt	253489630	www.cm-vizela.pt
Distrito VISEU	VOUZELA	Rui Miguel Ladeira Pereira 	Alameda D. Duarte de Almeida	3670-250	geral@cm-vouzela.pt	232740740	www.cm-vouzela.pt
